Title,Year,Rated,Released,Runtime,Genre,Director,Writer,Actors,Plot,Language,Country,Awards,Poster,Ratings,Metascore,imdbRating,imdbVotes,imdbID,Type,DVD,BoxOffice,Production,Website,Response
Guardians of the Galaxy Vol. 2,2017,PG-13,05 May 2017,136 min,"Action, Adventure, Comedy",James Gunn,"James Gunn, Dan Abnett, Andy Lanning","Chris Pratt, Zoe Saldana, Dave Bautista","The Guardians struggle to keep together as a team while dealing with their personal family issues, notably Star-Lord's encounter with his father the ambitious celestial being Ego.",English,United States,Nominated for 1 Oscar. 15 wins & 58 nominations total,https://m.media-amazon.com/images/M/MV5BNjM0NTc0NzItM2FlYS00YzEwLWE0YmUtNTA2ZWIzODc2OTgxXkEyXkFqcGdeQXVyNTgwNzIyNzg@._V1_SX300.jpg,"[{'Source': 'Internet Movie Database', 'Value': '7.6/10'}, {'Source': 'Rotten Tomatoes', 'Value': '85%'}, {'Source': 'Metacritic', 'Value': '67/100'}]",67,7.6,"612,320",tt3896198,movie,22 Aug 2017,"$389,813,101",N/A,N/A,True
Avatar,2009,PG-13,18 Dec 2009,162 min,"Action, Adventure, Fantasy",James Cameron,James Cameron,"Sam Worthington, Zoe Saldana, Sigourney Weaver",A paraplegic Marine dispatched to the moon Pandora on a unique mission becomes torn between following his orders and protecting the world he feels is his home.,"English, Spanish","United States, United Kingdom",Won 3 Oscars. 89 wins & 131 nominations total,https://m.media-amazon.com/images/M/MV5BMTYwOTEwNjAzMl5BMl5BanBnXkFtZTcwODc5MTUwMw@@._V1_SX300.jpg,"[{'Source': 'Internet Movie Database', 'Value': '7.8/10'}, {'Source': 'Rotten Tomatoes', 'Value': '81%'}, {'Source': 'Metacritic', 'Value': '83/100'}]",83,7.8,"1,159,379",tt0499549,movie,22 Apr 2010,"$760,507,625",N/A,N/A,True
The Lord of the Rings: The Return of the King,2003,PG-13,17 Dec 2003,201 min,"Action, Adventure, Drama",Peter Jackson,"J.R.R. Tolkien, Fran Walsh, Philippa Boyens","Elijah Wood, Viggo Mortensen, Ian McKellen",Gandalf and Aragorn lead the World of Men against Sauron's army to draw his gaze from Frodo and Sam as they approach Mount Doom with the One Ring.,"English, Quenya, Old English, Sindarin","New Zealand, United States",Won 11 Oscars. 209 wins & 124 nominations total,https://m.media-amazon.com/images/M/MV5BNzA5ZDNlZWMtM2NhNS00NDJjLTk4NDItYTRmY2EwMWZlMTY3XkEyXkFqcGdeQXVyNzkwMjQ5NzM@._V1_SX300.jpg,"[{'Source': 'Internet Movie Database', 'Value': '8.9/10'}, {'Source': 'Rotten Tomatoes', 'Value': '93%'}, {'Source': 'Metacritic', 'Value': '94/100'}]",94,8.9,"1,715,674",tt0167260,movie,25 May 2004,"$377,845,905",N/A,N/A,True
Pirates of the Caribbean: Dead Man's Chest,2006,PG-13,07 Jul 2006,151 min,"Action, Adventure, Fantasy",Gore Verbinski,"Ted Elliott, Terry Rossio, Stuart Beattie","Johnny Depp, Orlando Bloom, Keira Knightley","Jack Sparrow races to recover the heart of Davy Jones to avoid enslaving his soul to Jones' service, as other friends and foes seek the heart for their own agenda as well.","English, Turkish, Greek, Mandarin, French",United States,Won 1 Oscar. 45 wins & 54 nominations total,https://m.media-amazon.com/images/M/MV5BMTcwODc1MTMxM15BMl5BanBnXkFtZTYwMDg1NzY3._V1_SX300.jpg,"[{'Source': 'Internet Movie Database', 'Value': '7.3/10'}, {'Source': 'Rotten Tomatoes', 'Value': '53%'}, {'Source': 'Metacritic', 'Value': '53/100'}]",53,7.3,"676,815",tt0383574,movie,05 Dec 2006,"$423,315,812",N/A,N/A,True
The Dark Knight,2008,PG-13,18 Jul 2008,152 min,"Action, Crime, Drama",Christopher Nolan,"Jonathan Nolan, Christopher Nolan, David S. Goyer","Christian Bale, Heath Ledger, Aaron Eckhart","When the menace known as the Joker wreaks havoc and chaos on the people of Gotham, Batman must accept one of the greatest psychological and physical tests of his ability to fight injustice.","English, Mandarin","United States, United Kingdom",Won 2 Oscars. 159 wins & 163 nominations total,https://m.media-amazon.com/images/M/MV5BMTMxNTMwODM0NF5BMl5BanBnXkFtZTcwODAyMTk2Mw@@._V1_SX300.jpg,"[{'Source': 'Internet Movie Database', 'Value': '9.0/10'}, {'Source': 'Rotten Tomatoes', 'Value': '94%'}, {'Source': 'Metacritic', 'Value': '84/100'}]",84,9.0,"2,429,262",tt0468569,movie,09 Dec 2008,"$534,858,444",N/A,N/A,True
Harry Potter and the Philosopher's Stone,2016,N/A,09 Nov 2016,N/A,Fantasy,N/A,J.K. Rowling,Morio Kazama,N/A,Japanese,Japan,N/A,https://m.media-amazon.com/images/M/MV5BMjVjNjgyZGMtNTRmNC00N2Y1LTg3NzktZjU4YWFjZGVhNGQ4XkEyXkFqcGdeQXVyMTEwNDU1MzEy._V1_SX300.jpg,[],N/A,N/A,N/A,tt13380404,movie,N/A,N/A,N/A,N/A,True
Pirates of the Caribbean: At World's End,2007,PG-13,25 May 2007,169 min,"Action, Adventure, Fantasy",Gore Verbinski,"Ted Elliott, Terry Rossio, Stuart Beattie","Johnny Depp, Orlando Bloom, Keira Knightley","Captain Barbossa, Will Turner and Elizabeth Swann must sail off the edge of the map, navigate treachery and betrayal, find Jack Sparrow, and make their final alliances for one last decisive battle.",English,United States,Nominated for 2 Oscars. 22 wins & 51 nominations total,https://m.media-amazon.com/images/M/MV5BMjIyNjkxNzEyMl5BMl5BanBnXkFtZTYwMjc3MDE3._V1_SX300.jpg,"[{'Source': 'Internet Movie Database', 'Value': '7.1/10'}, {'Source': 'Rotten Tomatoes', 'Value': '44%'}, {'Source': 'Metacritic', 'Value': '50/100'}]",50,7.1,"615,274",tt0449088,movie,04 Dec 2007,"$309,420,425",N/A,N/A,True
Harry Potter and the Order of the Phoenix,2007,PG-13,11 Jul 2007,138 min,"Action, Adventure, Family",David Yates,"Michael Goldenberg, J.K. Rowling","Daniel Radcliffe, Emma Watson, Rupert Grint","With their warning about Lord Voldemort's return scoffed at, Harry and Dumbledore are targeted by the Wizard authorities as an authoritarian bureaucrat slowly seizes power at Hogwarts.","English, Latin","United Kingdom, United States",16 wins & 47 nominations total,https://m.media-amazon.com/images/M/MV5BMTM0NTczMTUzOV5BMl5BanBnXkFtZTYwMzIxNTg3._V1_SX300.jpg,"[{'Source': 'Internet Movie Database', 'Value': '7.5/10'}, {'Source': 'Rotten Tomatoes', 'Value': '77%'}, {'Source': 'Metacritic', 'Value': '71/100'}]",71,7.5,"537,742",tt0373889,movie,11 Dec 2007,"$292,353,413",N/A,N/A,True
Harry Potter and the Half-Blood Prince,2009,PG,15 Jul 2009,153 min,"Action, Adventure, Family",David Yates,"Steve Kloves, J.K. Rowling","Daniel Radcliffe, Emma Watson, Rupert Grint","As Harry Potter begins his sixth year at Hogwarts, he discovers an old book marked as ""the property of the Half-Blood Prince"" and begins to learn more about Lord Voldemort's dark past.","English, Latin","United Kingdom, United States",Nominated for 1 Oscar. 9 wins & 39 nominations total,https://m.media-amazon.com/images/M/MV5BNzU3NDg4NTAyNV5BMl5BanBnXkFtZTcwOTg2ODg1Mg@@._V1_SX300.jpg,"[{'Source': 'Internet Movie Database', 'Value': '7.6/10'}, {'Source': 'Rotten Tomatoes', 'Value': '84%'}, {'Source': 'Metacritic', 'Value': '78/100'}]",78,7.6,"502,097",tt0417741,movie,08 Dec 2009,"$302,305,431",N/A,N/A,True
The Lord of the Rings: The Two Towers,2002,PG-13,18 Dec 2002,179 min,"Action, Adventure, Drama",Peter Jackson,"J.R.R. Tolkien, Fran Walsh, Philippa Boyens","Elijah Wood, Ian McKellen, Viggo Mortensen","While Frodo and Sam edge closer to Mordor with the help of the shifty Gollum, the divided fellowship makes a stand against Sauron's new ally, Saruman, and his hordes of Isengard.","English, Sindarin, Old English","New Zealand, United States",Won 2 Oscars. 126 wins & 138 nominations total,https://m.media-amazon.com/images/M/MV5BZGMxZTdjZmYtMmE2Ni00ZTdkLWI5NTgtNjlmMjBiNzU2MmI5XkEyXkFqcGdeQXVyNjU0OTQ0OTY@._V1_SX300.jpg,"[{'Source': 'Internet Movie Database', 'Value': '8.7/10'}, {'Source': 'Rotten Tomatoes', 'Value': '95%'}, {'Source': 'Metacritic', 'Value': '87/100'}]",87,8.7,"1,551,042",tt0167261,movie,26 Aug 2003,"$342,551,365",N/A,N/A,True
Shrek 2,2004,PG,19 May 2004,93 min,"Animation, Adventure, Comedy","Andrew Adamson, Kelly Asbury, Conrad Vernon","William Steig, Andrew Adamson, Joe Stillman","Mike Myers, Eddie Murphy, Cameron Diaz","Shrek and Fiona travel to the Kingdom of Far Far Away, where Fiona's parents are King and Queen, to celebrate their marriage. When they arrive, they find they are not as welcome as they thought they would be.",English,"United States, Japan",Nominated for 2 Oscars. 18 wins & 52 nominations total,https://m.media-amazon.com/images/M/MV5BMDJhMGRjN2QtNDUxYy00NGM3LThjNGQtMmZiZTRhNjM4YzUxL2ltYWdlL2ltYWdlXkEyXkFqcGdeQXVyMTQxNzMzNDI@._V1_SX300.jpg,"[{'Source': 'Internet Movie Database', 'Value': '7.2/10'}, {'Source': 'Rotten Tomatoes', 'Value': '89%'}, {'Source': 'Metacritic', 'Value': '75/100'}]",75,7.2,"437,709",tt0298148,movie,05 Nov 2004,"$441,226,247",N/A,N/A,True
Harry Potter and the Goblet of Fire,2005,PG-13,18 Nov 2005,157 min,"Adventure, Family, Fantasy",Mike Newell,"Steve Kloves, J.K. Rowling","Daniel Radcliffe, Emma Watson, Rupert Grint","Harry Potter finds himself competing in a hazardous tournament between rival schools of magic, but he is distracted by recurring nightmares.","English, French, Latin","United Kingdom, United States",Nominated for 1 Oscar. 13 wins & 44 nominations total,https://m.media-amazon.com/images/M/MV5BMTI1NDMyMjExOF5BMl5BanBnXkFtZTcwOTc4MjQzMQ@@._V1_SX300.jpg,"[{'Source': 'Internet Movie Database', 'Value': '7.7/10'}, {'Source': 'Rotten Tomatoes', 'Value': '88%'}, {'Source': 'Metacritic', 'Value': '81/100'}]",81,7.7,"576,403",tt0330373,movie,07 Mar 2006,"$290,417,905",N/A,N/A,True
Spider-Man 3,2007,PG-13,04 May 2007,139 min,"Action, Adventure, Sci-Fi",Sam Raimi,"Sam Raimi, Ivan Raimi, Alvin Sargent","Tobey Maguire, Kirsten Dunst, Topher Grace","A strange black entity from another world bonds with Peter Parker and causes inner turmoil as he contends with new villains, temptations, and revenge.","English, French",United States,4 wins & 44 nominations total,https://m.media-amazon.com/images/M/MV5BYTk3MDljOWQtNGI2My00OTEzLTlhYjQtOTQ4ODM2MzUwY2IwXkEyXkFqcGdeQXVyNTIzOTk5ODM@._V1_SX300.jpg,"[{'Source': 'Internet Movie Database', 'Value': '6.2/10'}, {'Source': 'Rotten Tomatoes', 'Value': '63%'}, {'Source': 'Metacritic', 'Value': '59/100'}]",59,6.2,"526,627",tt0413300,movie,30 Oct 2007,"$336,530,303",N/A,N/A,True
Ice Age: Dawn of the Dinosaurs,2009,PG,01 Jul 2009,94 min,"Animation, Adventure, Comedy","Carlos Saldanha, Mike Thurmeier","Michael Berg, Peter Ackerman, Mike Reiss","Ray Romano, John Leguizamo, Denis Leary","When Sid's attempt to adopt three dinosaur eggs gets him abducted by their real mother to an underground lost world, his friends attempt to rescue him.",English,"United States, United Kingdom, Australia",3 wins & 13 nominations,https://m.media-amazon.com/images/M/MV5BMTMzNDkzMTcyOV5BMl5BanBnXkFtZTcwNDIzMjM2MQ@@._V1_SX300.jpg,"[{'Source': 'Internet Movie Database', 'Value': '6.9/10'}, {'Source': 'Rotten Tomatoes', 'Value': '46%'}, {'Source': 'Metacritic', 'Value': '50/100'}]",50,6.9,"233,437",tt1080016,movie,27 Oct 2009,"$196,573,705",N/A,N/A,True
Harry Potter and the Chamber of Secrets,2002,PG,15 Nov 2002,161 min,"Adventure, Family, Fantasy",Chris Columbus,"J.K. Rowling, Steve Kloves","Daniel Radcliffe, Rupert Grint, Emma Watson",An ancient prophecy seems to be coming true when a mysterious presence begins stalking the corridors of a school of magic and leaving its victims paralyzed.,"English, Latin","United Kingdom, United States",13 wins & 46 nominations total,https://m.media-amazon.com/images/M/MV5BMTcxODgwMDkxNV5BMl5BanBnXkFtZTYwMDk2MDg3._V1_SX300.jpg,"[{'Source': 'Internet Movie Database', 'Value': '7.4/10'}, {'Source': 'Rotten Tomatoes', 'Value': '82%'}, {'Source': 'Metacritic', 'Value': '63/100'}]",63,7.4,"584,431",tt0295297,movie,11 Apr 2003,"$262,450,136",N/A,N/A,True
The Lord of the Rings: The Fellowship of the Ring,2001,PG-13,19 Dec 2001,178 min,"Action, Adventure, Drama",Peter Jackson,"J.R.R. Tolkien, Fran Walsh, Philippa Boyens","Elijah Wood, Ian McKellen, Orlando Bloom",A meek Hobbit from the Shire and eight companions set out on a journey to destroy the powerful One Ring and save Middle-earth from the Dark Lord Sauron.,"English, Sindarin","New Zealand, United States",Won 4 Oscars. 120 wins & 126 nominations total,https://m.media-amazon.com/images/M/MV5BN2EyZjM3NzUtNWUzMi00MTgxLWI0NTctMzY4M2VlOTdjZWRiXkEyXkFqcGdeQXVyNDUzOTQ5MjY@._V1_SX300.jpg,"[{'Source': 'Internet Movie Database', 'Value': '8.8/10'}, {'Source': 'Rotten Tomatoes', 'Value': '91%'}, {'Source': 'Metacritic', 'Value': '92/100'}]",92,8.8,"1,736,949",tt0120737,movie,06 Aug 2002,"$315,710,750",N/A,N/A,True
Finding Nemo,2003,G,30 May 2003,100 min,"Animation, Adventure, Comedy","Andrew Stanton, Lee Unkrich","Andrew Stanton, Bob Peterson, David Reynolds","Albert Brooks, Ellen DeGeneres, Alexander Gould","After his son is captured in the Great Barrier Reef and taken to Sydney, a timid clownfish sets out on a journey to bring him home.",English,United States,Won 1 Oscar. 48 wins & 63 nominations total,https://m.media-amazon.com/images/M/MV5BZTAzNWZlNmUtZDEzYi00ZjA5LWIwYjEtZGM1NWE1MjE4YWRhXkEyXkFqcGdeQXVyNjU0OTQ0OTY@._V1_SX300.jpg,"[{'Source': 'Internet Movie Database', 'Value': '8.1/10'}, {'Source': 'Rotten Tomatoes', 'Value': '99%'}, {'Source': 'Metacritic', 'Value': '90/100'}]",90,8.1,"986,688",tt0266543,movie,04 Nov 2003,"$380,843,261",N/A,N/A,True
Star Wars: Episode III - Revenge of the Sith,2005,PG-13,19 May 2005,140 min,"Action, Adventure, Fantasy",George Lucas,George Lucas,"Hayden Christensen, Natalie Portman, Ewan McGregor","Three years into the Clone Wars, the Jedi rescue Palpatine from Count Dooku. As Obi-Wan pursues a new threat, Anakin acts as a double agent between the Jedi Council and Palpatine and is lured into a sinister plan to rule the galaxy.",English,United States,Nominated for 1 Oscar. 26 wins & 63 nominations total,https://m.media-amazon.com/images/M/MV5BNTc4MTc3NTQ5OF5BMl5BanBnXkFtZTcwOTg0NjI4NA@@._V1_SX300.jpg,"[{'Source': 'Internet Movie Database', 'Value': '7.5/10'}, {'Source': 'Rotten Tomatoes', 'Value': '80%'}, {'Source': 'Metacritic', 'Value': '68/100'}]",68,7.5,"739,880",tt0121766,movie,01 Nov 2005,"$380,270,577",N/A,N/A,True
Transformers: Revenge of the Fallen,2009,PG-13,24 Jun 2009,149 min,"Action, Adventure, Sci-Fi",Michael Bay,"Ehren Kruger, Roberto Orci, Alex Kurtzman","Shia LaBeouf, Megan Fox, Josh Duhamel","Sam Witwicky leaves the Autobots behind for a normal life. But when his mind is filled with cryptic symbols, the Decepticons target him and he is dragged back into the Transformers' war.","English, Spanish",United States,Nominated for 1 Oscar. 15 wins & 31 nominations total,https://m.media-amazon.com/images/M/MV5BNjk4OTczOTk0NF5BMl5BanBnXkFtZTcwNjQ0NzMzMw@@._V1_SX300.jpg,"[{'Source': 'Internet Movie Database', 'Value': '6.0/10'}, {'Source': 'Rotten Tomatoes', 'Value': '20%'}, {'Source': 'Metacritic', 'Value': '35/100'}]",35,6.0,"395,059",tt1055369,movie,20 Oct 2009,"$402,111,870",N/A,N/A,True
Spider-Man,2002,PG-13,03 May 2002,121 min,"Action, Adventure, Sci-Fi",Sam Raimi,"Stan Lee, Steve Ditko, David Koepp","Tobey Maguire, Kirsten Dunst, Willem Dafoe","When bitten by a genetically modified spider, a nerdy, shy, and awkward high school student gains spider-like abilities that he eventually must use to fight evil as a superhero after tragedy befalls his family.",English,United States,Nominated for 2 Oscars. 16 wins & 63 nominations total,https://m.media-amazon.com/images/M/MV5BZDEyN2NhMjgtMjdhNi00MmNlLWE5YTgtZGE4MzNjMTRlMGEwXkEyXkFqcGdeQXVyNDUyOTg3Njg@._V1_SX300.jpg,"[{'Source': 'Internet Movie Database', 'Value': '7.3/10'}, {'Source': 'Rotten Tomatoes', 'Value': '90%'}, {'Source': 'Metacritic', 'Value': '73/100'}]",73,7.3,"728,630",tt0145487,movie,01 Nov 2002,"$407,022,860",N/A,N/A,True
Shrek the Third,2007,PG,18 May 2007,93 min,"Animation, Adventure, Comedy","Chris Miller, Raman Hui","Jeffrey Price, Peter S. Seaman, Chris Miller","Mike Myers, Cameron Diaz, Eddie Murphy","Reluctantly designated as the heir to the land of Far, Far Away, Shrek hatches a plan to install the rebellious Artie as the new king while Princess Fiona tries to fend off a coup d'état by the jilted Prince Charming.",English,"United States, Japan",5 wins & 17 nominations total,https://m.media-amazon.com/images/M/MV5BOTgyMjc3ODk2MV5BMl5BanBnXkFtZTcwMjY0MjEzMw@@._V1_SX300.jpg,"[{'Source': 'Internet Movie Database', 'Value': '6.1/10'}, {'Source': 'Rotten Tomatoes', 'Value': '42%'}, {'Source': 'Metacritic', 'Value': '58/100'}]",58,6.1,"292,175",tt0413267,movie,13 Nov 2007,"$322,719,944",N/A,N/A,True
Harry Potter and the Prisoner of Azkaban,2004,PG,04 Jun 2004,142 min,"Adventure, Family, Fantasy",Alfonso Cuarón,"J.K. Rowling, Steve Kloves","Daniel Radcliffe, Emma Watson, Rupert Grint","Harry Potter, Ron and Hermione return to Hogwarts School of Witchcraft and Wizardry for their third year of study, where they delve into the mystery surrounding an escaped prisoner who poses a dangerous threat to the young wizard.","English, Latin, Old English","United Kingdom, United States",Nominated for 2 Oscars. 17 wins & 53 nominations total,https://m.media-amazon.com/images/M/MV5BMTY4NTIwODg0N15BMl5BanBnXkFtZTcwOTc0MjEzMw@@._V1_SX300.jpg,"[{'Source': 'Internet Movie Database', 'Value': '7.9/10'}, {'Source': 'Rotten Tomatoes', 'Value': '90%'}, {'Source': 'Metacritic', 'Value': '82/100'}]",82,7.9,"582,590",tt0304141,movie,23 Nov 2004,"$249,975,996",N/A,N/A,True
Indiana Jones and the Kingdom of the Crystal Skull,2008,PG-13,22 May 2008,122 min,"Action, Adventure",Steven Spielberg,"David Koepp, George Lucas, Jeff Nathanson","Harrison Ford, Cate Blanchett, Shia LaBeouf","In 1957, archaeologist and adventurer Dr. Henry ""Indiana"" Jones, Jr. is called back into action and becomes entangled in a Soviet plot to uncover the secret behind mysterious artifacts known as the Crystal Skulls.","English, German, Russian",United States,10 wins & 42 nominations total,https://m.media-amazon.com/images/M/MV5BZDIzNzM5MDUtZmI5MC00NGQ5LWFlNzEtYzE3ODIxNDI3ZmNhXkEyXkFqcGdeQXVyNjQ4ODE4MzQ@._V1_SX300.jpg,"[{'Source': 'Internet Movie Database', 'Value': '6.1/10'}, {'Source': 'Rotten Tomatoes', 'Value': '78%'}, {'Source': 'Metacritic', 'Value': '65/100'}]",65,6.1,"438,979",tt0367882,movie,14 Oct 2008,"$317,101,119",N/A,N/A,True
Spider-Man 2,2004,PG-13,30 Jun 2004,127 min,"Action, Adventure, Sci-Fi",Sam Raimi,"Stan Lee, Steve Ditko, Alfred Gough","Tobey Maguire, Kirsten Dunst, Alfred Molina",Peter Parker is beset with troubles in his failing personal life as he battles a brilliant scientist named Doctor Otto Octavius.,"English, Russian, Chinese",United States,Won 1 Oscar. 25 wins & 60 nominations total,https://m.media-amazon.com/images/M/MV5BMzY2ODk4NmUtOTVmNi00ZTdkLTlmOWYtMmE2OWVhNTU2OTVkXkEyXkFqcGdeQXVyMTQxNzMzNDI@._V1_SX300.jpg,"[{'Source': 'Internet Movie Database', 'Value': '7.3/10'}, {'Source': 'Rotten Tomatoes', 'Value': '93%'}, {'Source': 'Metacritic', 'Value': '83/100'}]",83,7.3,"578,634",tt0316654,movie,30 Nov 2004,"$373,585,825",N/A,N/A,True
The Da Vinci Code,2006,PG-13,19 May 2006,149 min,"Mystery, Thriller",Ron Howard,"Akiva Goldsman, Dan Brown","Tom Hanks, Audrey Tautou, Jean Reno","A murder inside the Louvre, and clues in Da Vinci paintings, lead to the discovery of a religious mystery protected by a secret society for two thousand years, which could shake the foundations of Christianity.","English, French, Latin, Spanish","United States, Malta, France, United Kingdom",8 wins & 21 nominations,https://m.media-amazon.com/images/M/MV5BMjIxMjQyMTc3Nl5BMl5BanBnXkFtZTcwMTA1MDUzMw@@._V1_SX300.jpg,"[{'Source': 'Internet Movie Database', 'Value': '6.6/10'}, {'Source': 'Rotten Tomatoes', 'Value': '26%'}, {'Source': 'Metacritic', 'Value': '46/100'}]",46,6.6,"416,215",tt0382625,movie,14 Nov 2006,"$217,536,138",N/A,N/A,True
"The Chronicles of Narnia: The Lion, the Witch and the Wardrobe",2005,PG,09 Dec 2005,143 min,"Adventure, Family, Fantasy",Andrew Adamson,"Ann Peacock, Andrew Adamson, Christopher Markus","Tilda Swinton, Georgie Henley, William Moseley",Four kids travel through a wardrobe to the land of Narnia and learn of their destiny to free it with the guidance of a mystical lion.,"English, German, Brazilian Sign ","United Kingdom, United States",Won 1 Oscar. 18 wins & 46 nominations total,https://m.media-amazon.com/images/M/MV5BMTc0NTUwMTU5OV5BMl5BanBnXkFtZTcwNjAwNzQzMw@@._V1_SX300.jpg,"[{'Source': 'Internet Movie Database', 'Value': '6.9/10'}, {'Source': 'Rotten Tomatoes', 'Value': '76%'}, {'Source': 'Metacritic', 'Value': '75/100'}]",75,6.9,"379,779",tt0363771,movie,13 Dec 2005,"$291,710,957",N/A,N/A,True
The Matrix Reloaded,2003,R,15 May 2003,138 min,"Action, Sci-Fi","Lana Wachowski, Lilly Wachowski","Lilly Wachowski, Lana Wachowski","Keanu Reeves, Laurence Fishburne, Carrie-Anne Moss","Freedom fighters Neo, Trinity and Morpheus continue to lead the revolt against the Machine Army, unleashing their arsenal of extraordinary skills and weaponry against the systematic forces of repression and exploitation.","English, French",United States,8 wins & 34 nominations,https://m.media-amazon.com/images/M/MV5BODE0MzZhZTgtYzkwYi00YmI5LThlZWYtOWRmNWE5ODk0NzMxXkEyXkFqcGdeQXVyNjU0OTQ0OTY@._V1_SX300.jpg,"[{'Source': 'Internet Movie Database', 'Value': '7.2/10'}, {'Source': 'Rotten Tomatoes', 'Value': '73%'}, {'Source': 'Metacritic', 'Value': '62/100'}]",62,7.2,"544,956",tt0234215,movie,14 Oct 2003,"$281,576,461",N/A,N/A,True
2012,2009,PG-13,13 Nov 2009,158 min,"Action, Adventure, Sci-Fi",Roland Emmerich,"Roland Emmerich, Harald Kloser","John Cusack, Thandiwe Newton, Chiwetel Ejiofor",A frustrated writer struggles to keep his family alive when a series of global catastrophes threatens to annihilate mankind.,"English, French, Tibetan, Mandarin, Russian, Hindi, Portuguese, Latin, Italian, Spanish",United States,5 wins & 21 nominations,https://m.media-amazon.com/images/M/MV5BMTY0MjEyODQzMF5BMl5BanBnXkFtZTcwMTczMjQ4Mg@@._V1_SX300.jpg,"[{'Source': 'Internet Movie Database', 'Value': '5.8/10'}, {'Source': 'Rotten Tomatoes', 'Value': '39%'}, {'Source': 'Metacritic', 'Value': '49/100'}]",49,5.8,"364,624",tt1190080,movie,02 Mar 2010,"$166,112,167",N/A,N/A,True
Transformers,2007,PG-13,03 Jul 2007,144 min,"Action, Adventure, Sci-Fi",Michael Bay,"Roberto Orci, Alex Kurtzman, John Rogers","Shia LaBeouf, Megan Fox, Josh Duhamel","An ancient struggle between two Cybertronian races, the heroic Autobots and the evil Decepticons, comes to Earth, with a clue to the ultimate power held by a teenager.","English, Spanish",United States,Nominated for 3 Oscars. 25 wins & 50 nominations total,https://m.media-amazon.com/images/M/MV5BNDg1NTU2OWEtM2UzYi00ZWRmLWEwMTktZWNjYWQ1NWM1OThjXkEyXkFqcGdeQXVyMTQxNzMzNDI@._V1_SX300.jpg,"[{'Source': 'Internet Movie Database', 'Value': '7.0/10'}, {'Source': 'Rotten Tomatoes', 'Value': '58%'}, {'Source': 'Metacritic', 'Value': '61/100'}]",61,7.0,"613,735",tt0418279,movie,16 Oct 2007,"$319,246,193",N/A,N/A,True
Up,2009,PG,29 May 2009,96 min,"Animation, Adventure, Comedy","Pete Docter, Bob Peterson","Pete Docter, Bob Peterson, Tom McCarthy","Ed Asner, Jordan Nagai, John Ratzenberger","78-year-old Carl Fredricksen travels to Paradise Falls in his house equipped with balloons, inadvertently taking a young stowaway.",English,United States,Won 2 Oscars. 79 wins & 87 nominations total,https://m.media-amazon.com/images/M/MV5BMTk3NDE2NzI4NF5BMl5BanBnXkFtZTgwNzE1MzEyMTE@._V1_SX300.jpg,"[{'Source': 'Internet Movie Database', 'Value': '8.2/10'}, {'Source': 'Rotten Tomatoes', 'Value': '98%'}, {'Source': 'Metacritic', 'Value': '88/100'}]",88,8.2,"977,360",tt1049413,movie,10 Nov 2009,"$293,004,164",N/A,N/A,True
The Twilight Saga: New Moon,2009,PG-13,20 Nov 2009,130 min,"Adventure, Drama, Fantasy",Chris Weitz,"Melissa Rosenberg, Stephenie Meyer","Kristen Stewart, Robert Pattinson, Taylor Lautner","Edward leaves Bella after an attack that nearly claimed her life, and, in her depression, she falls into yet another difficult relationship - this time with her close friend, Jacob Black.","English, Italian",United States,20 wins & 24 nominations,https://m.media-amazon.com/images/M/MV5BMTI3MjE3NDIxNF5BMl5BanBnXkFtZTcwODM3NTY5Mg@@._V1_SX300.jpg,"[{'Source': 'Internet Movie Database', 'Value': '4.7/10'}, {'Source': 'Rotten Tomatoes', 'Value': '28%'}, {'Source': 'Metacritic', 'Value': '44/100'}]",44,4.7,"274,697",tt1259571,movie,20 Mar 2010,"$297,816,253",N/A,N/A,True
Ice Age: The Meltdown,2006,PG,31 Mar 2006,91 min,"Animation, Adventure, Comedy",Carlos Saldanha,"Peter Gaulke, Gerry Swallow, Jim Hecht","Ray Romano, John Leguizamo, Denis Leary","Manny, Sid, and Diego discover that the ice age is coming to an end, and join everybody for a journey to higher ground. On the trip, they discover that Manny, in fact, is not the last of the woolly mammoths.",English,"United States, United Kingdom, Australia",8 wins & 16 nominations,https://m.media-amazon.com/images/M/MV5BMjAwODg3OTAxMl5BMl5BanBnXkFtZTcwMjg2NjYyMw@@._V1_SX300.jpg,"[{'Source': 'Internet Movie Database', 'Value': '6.8/10'}, {'Source': 'Rotten Tomatoes', 'Value': '57%'}, {'Source': 'Metacritic', 'Value': '60/100'}]",60,6.8,"265,775",tt0438097,movie,21 Nov 2006,"$195,330,621",N/A,N/A,True
Pirates of the Caribbean: The Curse of the Black Pearl,2003,PG-13,09 Jul 2003,143 min,"Action, Adventure, Fantasy",Gore Verbinski,"Ted Elliott, Terry Rossio, Stuart Beattie","Johnny Depp, Geoffrey Rush, Orlando Bloom","Blacksmith Will Turner teams up with eccentric pirate ""Captain"" Jack Sparrow to save his love, the governor's daughter, from Jack's former pirate allies, who are now undead.",English,United States,Nominated for 5 Oscars. 38 wins & 104 nominations total,https://m.media-amazon.com/images/M/MV5BNGYyZGM5MGMtYTY2Ni00M2Y1LWIzNjQtYWUzM2VlNGVhMDNhXkEyXkFqcGdeQXVyMTMxODk2OTU@._V1_SX300.jpg,"[{'Source': 'Internet Movie Database', 'Value': '8.0/10'}, {'Source': 'Rotten Tomatoes', 'Value': '79%'}, {'Source': 'Metacritic', 'Value': '63/100'}]",63,8.0,"1,048,225",tt0325980,movie,25 Jan 2005,"$305,413,918",N/A,N/A,True
Star Wars: Episode II - Attack of the Clones,2002,PG,16 May 2002,142 min,"Action, Adventure, Fantasy",George Lucas,"George Lucas, Jonathan Hales","Hayden Christensen, Natalie Portman, Ewan McGregor","Ten years after initially meeting, Anakin Skywalker shares a forbidden romance with Padmé Amidala, while Obi-Wan Kenobi investigates an assassination attempt on the senator and discovers a secret clone army crafted for the Jedi.",English,United States,Nominated for 1 Oscar. 19 wins & 65 nominations total,https://m.media-amazon.com/images/M/MV5BMDAzM2M0Y2UtZjRmZi00MzVlLTg4MjEtOTE3NzU5ZDVlMTU5XkEyXkFqcGdeQXVyNDUyOTg3Njg@._V1_SX300.jpg,"[{'Source': 'Internet Movie Database', 'Value': '6.5/10'}, {'Source': 'Rotten Tomatoes', 'Value': '65%'}, {'Source': 'Metacritic', 'Value': '54/100'}]",54,6.5,"667,649",tt0121765,movie,22 Mar 2005,"$310,676,740",N/A,N/A,True
Kung Fu Panda,2008,PG,06 Jun 2008,92 min,"Animation, Action, Adventure","Mark Osborne, John Stevenson","Jonathan Aibel, Glenn Berger, Ethan Reiff","Jack Black, Ian McShane, Angelina Jolie","To everyone's surprise, including his own, Po, an overweight, clumsy panda, is chosen as protector of the Valley of Peace. His suitability will soon be tested as the valley's arch-enemy is on his way.",English,"United States, China",Nominated for 1 Oscar. 14 wins & 39 nominations total,https://m.media-amazon.com/images/M/MV5BODJkZTZhMWItMDI3Yy00ZWZlLTk4NjQtOTI1ZjU5NjBjZTVjXkEyXkFqcGdeQXVyODE5NzE3OTE@._V1_SX300.jpg,"[{'Source': 'Internet Movie Database', 'Value': '7.6/10'}, {'Source': 'Rotten Tomatoes', 'Value': '87%'}, {'Source': 'Metacritic', 'Value': '74/100'}]",74,7.6,"439,867",tt0441773,movie,07 Nov 2008,"$215,434,591",N/A,N/A,True
The Incredibles,2004,PG,05 Nov 2004,115 min,"Animation, Action, Adventure",Brad Bird,Brad Bird,"Craig T. Nelson, Samuel L. Jackson, Holly Hunter","A family of undercover superheroes, while trying to live the quiet suburban life, are forced into action to save the world.","English, French",United States,Won 2 Oscars. 67 wins & 56 nominations total,https://m.media-amazon.com/images/M/MV5BMTY5OTU0OTc2NV5BMl5BanBnXkFtZTcwMzU4MDcyMQ@@._V1_SX300.jpg,"[{'Source': 'Internet Movie Database', 'Value': '8.0/10'}, {'Source': 'Metacritic', 'Value': '90/100'}]",90,8.0,"683,330",tt0317705,movie,29 Mar 2005,"$261,441,092",N/A,N/A,True
Hancock,2008,PG-13,02 Jul 2008,92 min,"Action, Drama, Fantasy",Peter Berg,"Vy Vincent Ngo, Vince Gilligan","Will Smith, Charlize Theron, Jason Bateman",Hancock is a superhero whose ill-considered behavior regularly causes damage in the millions. He changes when the person he saves helps him improve his public image.,"English, Japanese, Vietnamese",United States,4 wins & 14 nominations,https://m.media-amazon.com/images/M/MV5BMTgyMzc4ODU3NV5BMl5BanBnXkFtZTcwNjk5Mzc1MQ@@._V1_SX300.jpg,"[{'Source': 'Internet Movie Database', 'Value': '6.4/10'}, {'Source': 'Rotten Tomatoes', 'Value': '41%'}, {'Source': 'Metacritic', 'Value': '49/100'}]",49,6.4,"460,807",tt0448157,movie,25 Nov 2008,"$227,946,274",N/A,N/A,True
Ratatouille,2007,G,29 Jun 2007,111 min,"Animation, Adventure, Comedy","Brad Bird, Jan Pinkava","Brad Bird, Jan Pinkava, Jim Capobianco","Brad Garrett, Lou Romano, Patton Oswalt",A rat who can cook makes an unusual alliance with a young kitchen worker at a famous restaurant.,"English, French",United States,Won 1 Oscar. 67 wins & 42 nominations total,https://m.media-amazon.com/images/M/MV5BMTMzODU0NTkxMF5BMl5BanBnXkFtZTcwMjQ4MzMzMw@@._V1_SX300.jpg,"[{'Source': 'Internet Movie Database', 'Value': '8.0/10'}, {'Source': 'Rotten Tomatoes', 'Value': '96%'}, {'Source': 'Metacritic', 'Value': '96/100'}]",96,8.0,"671,964",tt0382932,movie,06 Nov 2007,"$206,445,654",N/A,N/A,True
The Passion of the Christ,2004,R,25 Feb 2004,127 min,Drama,Mel Gibson,"Benedict Fitzgerald, Mel Gibson","Jim Caviezel, Monica Bellucci, Maia Morgenstern","Depicts the final twelve hours in the life of Jesus of Nazareth, on the day of his crucifixion in Jerusalem.","Aramaic, Latin, Hebrew",United States,Nominated for 3 Oscars. 29 wins & 24 nominations total,https://m.media-amazon.com/images/M/MV5BNDY1N2IyYWMtZTY4OS00OGM1LTkxNmUtOTQzYmM5MmI2YmVmXkEyXkFqcGdeQXVyNTAyODkwOQ@@._V1_SX300.jpg,"[{'Source': 'Internet Movie Database', 'Value': '7.2/10'}, {'Source': 'Rotten Tomatoes', 'Value': '49%'}, {'Source': 'Metacritic', 'Value': '47/100'}]",47,7.2,"223,164",tt0335345,movie,31 Aug 2004,"$370,782,930",N/A,N/A,True
Mamma Mia!,2008,PG-13,18 Jul 2008,108 min,"Comedy, Musical, Romance",Phyllida Lloyd,Catherine Johnson,"Meryl Streep, Pierce Brosnan, Amanda Seyfried",The story of a bride-to-be trying to find her real father told using hit songs by the popular 1970s group ABBA.,"English, Greek","United States, United Kingdom, Germany",15 wins & 25 nominations total,https://m.media-amazon.com/images/M/MV5BMTA2MDU0MjM0MzReQTJeQWpwZ15BbWU3MDYwNzgwNzE@._V1_SX300.jpg,"[{'Source': 'Internet Movie Database', 'Value': '6.4/10'}, {'Source': 'Rotten Tomatoes', 'Value': '55%'}, {'Source': 'Metacritic', 'Value': '51/100'}]",51,6.4,"228,379",tt0795421,movie,16 Dec 2008,"$144,169,664",N/A,N/A,True
Madagascar: Escape 2 Africa,2008,PG,07 Nov 2008,89 min,"Animation, Adventure, Comedy","Eric Darnell, Tom McGrath","Etan Cohen, Eric Darnell, Tom McGrath","Ben Stiller, Chris Rock, David Schwimmer","The Madagascar animals fly back to New York City, but crash-land on an African nature reserve, where they meet others of their own kind, and Alex especially discovers his royal heritage as prince of a lion pride.","English, Italian",United States,4 wins & 11 nominations,https://m.media-amazon.com/images/M/MV5BMjExMDA4NDcwMl5BMl5BanBnXkFtZTcwODAxNTQ3MQ@@._V1_SX300.jpg,"[{'Source': 'Internet Movie Database', 'Value': '6.6/10'}, {'Source': 'Rotten Tomatoes', 'Value': '64%'}, {'Source': 'Metacritic', 'Value': '61/100'}]",61,6.6,"214,775",tt0479952,movie,06 Feb 2009,"$180,010,950",N/A,N/A,True
Casino Royale,2006,PG-13,17 Nov 2006,144 min,"Action, Adventure, Thriller",Martin Campbell,"Neal Purvis, Robert Wade, Paul Haggis","Daniel Craig, Eva Green, Judi Dench","After earning 00 status and a licence to kill, secret agent James Bond sets out on his first mission as 007. Bond must defeat a private banker funding terrorists in a high-stakes game of poker at Casino Royale, Montenegro.","English, Serbian, German, Italian, French","United Kingdom, Czech Republic, United States, Germany, Bahamas",27 wins & 44 nominations total,https://m.media-amazon.com/images/M/MV5BMDI5ZWJhOWItYTlhOC00YWNhLTlkNzctNDU5YTI1M2E1MWZhXkEyXkFqcGdeQXVyNTIzOTk5ODM@._V1_SX300.jpg,"[{'Source': 'Internet Movie Database', 'Value': '8.0/10'}, {'Source': 'Rotten Tomatoes', 'Value': '94%'}, {'Source': 'Metacritic', 'Value': '80/100'}]",80,8.0,"616,745",tt0381061,movie,13 Mar 2007,"$167,445,960",N/A,N/A,True
War of the Worlds,2005,PG-13,29 Jun 2005,116 min,"Action, Adventure, Sci-Fi",Steven Spielberg,"Josh Friedman, David Koepp, H.G. Wells","Tom Cruise, Dakota Fanning, Tim Robbins",Sci-fi action film about an alien invasion threatening the future of humanity. The catastrophic nightmare is depicted through the eyes of one American family fighting for survival.,English,United States,Nominated for 3 Oscars. 16 wins & 49 nominations total,https://m.media-amazon.com/images/M/MV5BNDUyODAzNDI1Nl5BMl5BanBnXkFtZTcwMDA2NDAzMw@@._V1_SX300.jpg,"[{'Source': 'Internet Movie Database', 'Value': '6.5/10'}, {'Source': 'Rotten Tomatoes', 'Value': '75%'}, {'Source': 'Metacritic', 'Value': '73/100'}]",73,6.5,"430,084",tt0407304,movie,28 Jun 2005,"$234,280,354",N/A,N/A,True
Quantum of Solace,2008,PG-13,14 Nov 2008,106 min,"Action, Adventure, Thriller",Marc Forster,"Paul Haggis, Neal Purvis, Robert Wade","Daniel Craig, Olga Kurylenko, Mathieu Amalric",James Bond descends into mystery as he tries to stop a mysterious organisation from eliminating a country's most valuable resource.,"English, Spanish, Italian, French, Swiss German, German","United Kingdom, United States",4 wins & 32 nominations total,https://m.media-amazon.com/images/M/MV5BMjZiYTUzMzktZWI5Yy00Mzk4LWFlMDgtYjRmNWU0Mzc0MzNiXkEyXkFqcGdeQXVyMjUzOTY1NTc@._V1_SX300.jpg,"[{'Source': 'Internet Movie Database', 'Value': '6.6/10'}, {'Source': 'Rotten Tomatoes', 'Value': '64%'}, {'Source': 'Metacritic', 'Value': '58/100'}]",58,6.6,"426,182",tt0830515,movie,24 Mar 2009,"$168,368,427",N/A,N/A,True
I Am Legend,2007,PG-13,14 Dec 2007,101 min,"Action, Adventure, Drama",Francis Lawrence,"Mark Protosevich, Akiva Goldsman, Richard Matheson","Will Smith, Alice Braga, Charlie Tahan","Years after a plague kills most of humanity and transforms the rest into monsters, the sole survivor in New York City struggles valiantly to find a cure.",English,United States,9 wins & 23 nominations,https://m.media-amazon.com/images/M/MV5BYTE1ZTBlYzgtNmMyNS00ZTQ2LWE4NjEtZjUxNDJkNTg2MzlhXkEyXkFqcGdeQXVyNjU0OTQ0OTY@._V1_SX300.jpg,"[{'Source': 'Internet Movie Database', 'Value': '7.2/10'}, {'Source': 'Rotten Tomatoes', 'Value': '68%'}, {'Source': 'Metacritic', 'Value': '65/100'}]",65,7.2,"714,104",tt0480249,movie,18 Mar 2008,"$256,393,010",N/A,N/A,True
Iron Man,2008,PG-13,02 May 2008,126 min,"Action, Adventure, Sci-Fi",Jon Favreau,"Mark Fergus, Hawk Ostby, Art Marcum","Robert Downey Jr., Gwyneth Paltrow, Terrence Howard","After being held captive in an Afghan cave, billionaire engineer Tony Stark creates a unique weaponized suit of armor to fight evil.","English, Persian, Urdu, Arabic, Kurdish, Hindi, Hungarian","United States, Canada",Nominated for 2 Oscars. 21 wins & 73 nominations total,https://m.media-amazon.com/images/M/MV5BMTczNTI2ODUwOF5BMl5BanBnXkFtZTcwMTU0NTIzMw@@._V1_SX300.jpg,"[{'Source': 'Internet Movie Database', 'Value': '7.9/10'}, {'Source': 'Rotten Tomatoes', 'Value': '94%'}, {'Source': 'Metacritic', 'Value': '79/100'}]",79,7.9,"987,183",tt0371746,movie,30 Sep 2008,"$319,034,126",N/A,N/A,True
Night at the Museum,2006,PG,22 Dec 2006,108 min,"Adventure, Comedy, Family",Shawn Levy,"Robert Ben Garant, Thomas Lennon, Milan Trenc","Ben Stiller, Carla Gugino, Ricky Gervais",A newly recruited night security guard at the Museum of Natural History discovers that an ancient curse causes the animals and exhibits on display to come to life and wreak havoc.,"English, Italian, Hebrew","United States, United Kingdom",2 wins & 8 nominations,https://m.media-amazon.com/images/M/MV5BMTQyOTM4MDMxN15BMl5BanBnXkFtZTcwODg5NTQzMw@@._V1_SX300.jpg,"[{'Source': 'Internet Movie Database', 'Value': '6.4/10'}, {'Source': 'Rotten Tomatoes', 'Value': '43%'}, {'Source': 'Metacritic', 'Value': '48/100'}]",48,6.4,"328,390",tt0477347,movie,24 Apr 2007,"$250,863,268",N/A,N/A,True
King Kong,2005,PG-13,14 Dec 2005,187 min,"Action, Adventure, Drama",Peter Jackson,"Fran Walsh, Philippa Boyens, Peter Jackson","Naomi Watts, Jack Black, Adrien Brody","A greedy film producer assembles a team of moviemakers and sets out for the infamous Skull Island, where they find more than just cannibalistic natives.",English,"United States, New Zealand, Germany",Won 3 Oscars. 46 wins & 104 nominations total,https://m.media-amazon.com/images/M/MV5BMjYxYmRlZWYtMzAwNC00MDA1LWJjNTItOTBjMzlhNGMzYzk3XkEyXkFqcGdeQXVyMTQxNzMzNDI@._V1_SX300.jpg,"[{'Source': 'Internet Movie Database', 'Value': '7.2/10'}, {'Source': 'Rotten Tomatoes', 'Value': '84%'}, {'Source': 'Metacritic', 'Value': '81/100'}]",81,7.2,"407,958",tt0360717,movie,28 Mar 2006,"$218,080,025",N/A,N/A,True
The Day After Tomorrow,2004,PG-13,28 May 2004,124 min,"Action, Adventure, Sci-Fi",Roland Emmerich,"Roland Emmerich, Jeffrey Nachmanoff","Dennis Quaid, Jake Gyllenhaal, Emmy Rossum","Jack Hall, paleoclimatologist, must make a daring trek from Washington, D.C. to New York City to reach his son, trapped in the cross-hairs of a sudden international storm which plunges the planet into a new Ice Age.","English, Japanese, French, Arabic",United States,6 wins & 12 nominations total,https://m.media-amazon.com/images/M/MV5BMTM3NDU4NDA2Ml5BMl5BanBnXkFtZTYwNzcxNjY2._V1_SX300.jpg,"[{'Source': 'Internet Movie Database', 'Value': '6.4/10'}, {'Source': 'Rotten Tomatoes', 'Value': '45%'}, {'Source': 'Metacritic', 'Value': '47/100'}]",47,6.4,"430,324",tt0319262,movie,12 Oct 2004,"$186,740,799",N/A,N/A,True
Madagascar,2005,PG,27 May 2005,86 min,"Animation, Adventure, Comedy","Eric Darnell, Tom McGrath","Mark Burton, Billy Frolick, Eric Darnell","Chris Rock, Ben Stiller, David Schwimmer","A group of animals who have spent all their life in a New York zoo end up in the jungles of Madagascar, and must adjust to living in the wild.","English, Portuguese, Spanish, German, French, American Sign ",United States,4 wins & 32 nominations,https://m.media-amazon.com/images/M/MV5BN2I5YzFlYWEtZjRhNy00ZmQzLWJhNTktZGIwYjFjODdmNDgxXkEyXkFqcGdeQXVyMTQxNzMzNDI@._V1_SX300.jpg,"[{'Source': 'Internet Movie Database', 'Value': '6.9/10'}, {'Source': 'Rotten Tomatoes', 'Value': '54%'}, {'Source': 'Metacritic', 'Value': '57/100'}]",57,6.9,"381,816",tt0351283,movie,20 May 2008,"$193,595,521",N/A,N/A,True
Guardians of the Galaxy Vol. 2,2017,PG-13,05 May 2017,136 min,"Action, Adventure, Comedy",James Gunn,"James Gunn, Dan Abnett, Andy Lanning","Chris Pratt, Zoe Saldana, Dave Bautista","The Guardians struggle to keep together as a team while dealing with their personal family issues, notably Star-Lord's encounter with his father the ambitious celestial being Ego.",English,United States,Nominated for 1 Oscar. 15 wins & 58 nominations total,https://m.media-amazon.com/images/M/MV5BNjM0NTc0NzItM2FlYS00YzEwLWE0YmUtNTA2ZWIzODc2OTgxXkEyXkFqcGdeQXVyNTgwNzIyNzg@._V1_SX300.jpg,"[{'Source': 'Internet Movie Database', 'Value': '7.6/10'}, {'Source': 'Rotten Tomatoes', 'Value': '85%'}, {'Source': 'Metacritic', 'Value': '67/100'}]",67,7.6,"612,320",tt3896198,movie,22 Aug 2017,"$389,813,101",N/A,N/A,True
